Gene,Non-unique Gene name,Annotation,No. isolates,No. sequences,Avg sequences per isolate,Genome Fragment,Order within Fragment,Accessory Fragment,Accessory Order with Fragment,QC,Min group size nuc,Max group size nuc,Avg group size nuc,DT02,Fyc26,GCF_000181535,GCF_003726935,GCF_013364395,McD43,McD53,PNB22_2_1,PNB22_3_3,PNB22_6_1,PNB22_7_2,PNB22_9_1,PNB23_20_7,PPP23_1_1,PPP23_1_2
kdgR,kdgR,Pectin degradation repressor protein KdgR;Transcriptional regulator KdgR,44,44,1.0,2,16698,,,,783,783,783.0,DT02_03576,Fyc26_00681,GCF_000181535_04531,GCF_003726935_04056,GCF_013364395_05013,McD43_03308,McD53_03412,PNB22_2_1_00128,PNB22_3_3_00570,PNB22_6_1_00128,PNB22_7_2_02076,PNB22_9_1_01468,PNB23_20_7_00390,PPP23_1_1_04684,PPP23_1_2_04379
kduD~~~kduD_1~~~kduD_2,kduD;kduD_1;kduD_2,2-dehydro-3-deoxy-D-gluconate 5-dehydrogenase,44,45,1.022727273,2,16697,,,,96,762,745.4,DT02_03577,Fyc26_00680,GCF_000181535_04532,GCF_003726935_04055,GCF_013364395_05012,McD43_03309,McD53_03411,PNB22_2_1_00129,PNB22_3_3_00569,PNB22_6_1_00129,PNB22_7_2_02077,PNB22_9_1_01467,PNB23_20_7_00389,PPP23_1_1_04685,PPP23_1_2_04378
rsgA_2~~~rsgA_1,rsgA_2;rsgA_1,Small ribosomal subunit biogenesis GTPase RsgA,44,45,1.022727273,2,16676,,,,513,1056,1019.8,DT02_05244,Fyc26_01120,GCF_000181535_04122,GCF_003726935_04290,GCF_013364395_03634,McD43_04154,McD53_02591,PNB22_2_1_02121,PNB22_3_3_04667,PNB22_6_1_02194,PNB22_7_2_02060,PNB22_9_1_01933,PNB23_20_7_01879,PPP23_1_1_04487,PPP23_1_2_04584
group_11929,,hypothetical protein,44,46,1.045454545,2,16662,,,,114,1104,1055.478261,DT02_03638,Fyc26_00620,GCF_000181535_03826,GCF_003726935_03993,GCF_013364395_04951,McD43_03369,McD53_03351,PNB22_2_1_00189,PNB22_3_3_02958,PNB22_6_1_00189,PNB22_7_2_02137,PNB22_9_1_02472,PNB23_20_7_00329,PPP23_1_1_04746,PPP23_1_2_04319
group_11928,,hypothetical protein,44,44,1.0,2,16660,,,,252,288,252.8181818,DT02_02343,Fyc26_01262,GCF_000181535_00735,GCF_003726935_00558,GCF_013364395_02119,McD43_01803,McD53_00580,PNB22_2_1_04325,PNB22_3_3_04135,PNB22_6_1_04177,PNB22_7_2_03974,PNB22_9_1_04226,PNB23_20_7_01120,PPP23_1_1_02694,PPP23_1_2_03268
group_11918,,Putative acetyltransferase,44,44,1.0,2,16649,,,,558,576,574.7727273,DT02_01523,Fyc26_01827,GCF_000181535_02460,GCF_003726935_03227,GCF_013364395_01306,McD43_00872,McD53_00840,PNB22_2_1_02303,PNB22_3_3_01533,PNB22_6_1_02605,PNB22_7_2_00897,PNB22_9_1_02079,PNB23_20_7_03054,PPP23_1_1_01850,PPP23_1_2_02418
yeiR_2~~~yeiR,;yeiR_2;yeiR,hypothetical protein;Zinc-binding GTPase YeiR,44,46,1.045454545,2,16637,,,,153,1005,907.5652174,DT02_03850,Fyc26_03342,GCF_000181535_05055,GCF_003726935_04601,GCF_013364395_03735,McD43_04446,McD53_02909,PNB22_2_1_04749,PNB22_3_3_04740,PNB22_6_1_04719,PNB22_7_2_04555,PNB22_9_1_04689,PNB23_20_7_04664,PPP23_1_1_04939,PPP23_1_2_04121
group_11892,,hypothetical protein,44,44,1.0,2,16613,,,,321,534,515.25,DT02_04663,Fyc26_02281,GCF_000181535_04652,GCF_003726935_03566,GCF_013364395_04541,McD43_01626,McD53_01594,PNB22_2_1_04042,PNB22_3_3_03492,PNB22_6_1_03896,PNB22_7_2_04053,PNB22_9_1_04088,PNB23_20_7_04044,PPP23_1_1_03941,PPP23_1_2_05168
rhaS_4~~~rhaS_2~~~rhaS_1,;rhaS_4;rhaS_2;rhaS_1,hypothetical protein;HTH-type transcriptional activator RhaS,44,44,1.0,2,16612,,,,555,780,760.744186,DT02_04664,Fyc26_02280,GCF_000181535_04651,GCF_003726935_03567,GCF_013364395_04542,McD43_01625,McD53_01593,PNB22_2_1_04043,PNB22_3_3_03493,PNB22_6_1_03897,PNB22_7_2_04052,PNB22_9_1_04087,PNB23_20_7_04045,PPP23_1_1_03942,PPP23_1_2_05167
group_11889,,hypothetical protein,44,44,1.0,2,16609,,,,444,468,467.4545455,DT02_04666,Fyc26_02278,GCF_000181535_04649,GCF_003726935_03569,GCF_013364395_04544,McD43_01623,McD53_01591,PNB22_2_1_04045,PNB22_3_3_03495,PNB22_6_1_03899,PNB22_7_2_04050,PNB22_9_1_04085,PNB23_20_7_04047,PPP23_1_1_03944,PPP23_1_2_05165
group_11882,,hypothetical protein,44,46,1.045454545,2,16600,,,,201,1971,1859.347826,DT02_01713,Fyc26_03184,GCF_000181535_02345,GCF_003726935_03431,GCF_013364395_01508,McD43_01079,McD53_01047,PNB22_2_1_02840,PNB22_3_3_02596,PNB22_6_1_03325,PNB22_7_2_02675,PNB22_9_1_02603,PNB23_20_7_02912,PPP23_1_1_02045,PPP23_1_2_02619
phhA,phhA;,Phenylalanine-4-hydroxylase;hypothetical protein,44,45,1.022727273,2,16599,,,,330,792,767.2666667,DT02_04926,Fyc26_00835,GCF_000181535_03368,GCF_003726935_03812,GCF_013364395_04798,McD43_01374,McD53_01342,PNB22_2_1_01131,PNB22_3_3_04427,PNB22_6_1_01020,PNB22_7_2_04841,PNB22_9_1_01305,PNB23_20_7_01534,PPP23_1_1_04180,PPP23_1_2_04909
yabJ_1~~~yabJ_3,yabJ_1;yabJ_3,2-iminobutanoate/2-iminopropanoate deaminase,44,44,1.0,2,16595,,,,267,387,383.25,DT02_05090,Fyc26_00984,GCF_000181535_03969,GCF_003726935_04424,GCF_013364395_03499,McD43_04289,McD53_02726,PNB22_2_1_00549,PNB22_3_3_02134,PNB22_6_1_00721,PNB22_7_2_00711,PNB22_9_1_00867,PNB23_20_7_01259,PPP23_1_1_04337,PPP23_1_2_04734
group_11873,,Putative pterin-4-alpha-carbinolamine dehydratase,44,44,1.0,2,16587,,,,336,336,336.0,DT02_04925,Fyc26_00834,GCF_000181535_03369,GCF_003726935_03811,GCF_013364395_04797,McD43_01375,McD53_01343,PNB22_2_1_01130,PNB22_3_3_04426,PNB22_6_1_01021,PNB22_7_2_04842,PNB22_9_1_01304,PNB23_20_7_01533,PPP23_1_1_04179,PPP23_1_2_04910
cysG_4~~~cysG_3~~~cysG_2,cysG_4;cysG_3;cysG_2,Siroheme synthase,44,44,1.0,2,16582,,,,135,753,738.9545455,DT02_01979,Fyc26_02871,GCF_000181535_03430,GCF_003726935_00216,GCF_013364395_01786,McD43_02419,McD53_02277,PNB22_2_1_03803,PNB22_3_3_04213,PNB22_6_1_03505,PNB22_7_2_03926,PNB22_9_1_03523,PNB23_20_7_04487,PPP23_1_1_02311,PPP23_1_2_02927
ypeA,ypeA,Acetyltransferase YpeA,44,44,1.0,2,16548,,,,438,456,438.4090909,DT02_01920,Fyc26_02813,GCF_000181535_01317,GCF_003726935_00169,GCF_013364395_01727,McD43_02372,McD53_02230,PNB22_2_1_02364,PNB22_3_3_01797,PNB22_6_1_02264,PNB22_7_2_02226,PNB22_9_1_02224,PNB23_20_7_02815,PPP23_1_1_02263,PPP23_1_2_02880
group_11842,,hypothetical protein,44,45,1.022727273,2,16546,,,,243,636,612.6666667,DT02_03662,Fyc26_00594,GCF_000181535_03850,GCF_003726935_03969,GCF_013364395_04927,McD43_01224,McD53_01192,PNB22_2_1_05165,PNB22_3_3_05181,PNB22_6_1_05205,PNB22_7_2_05011,PNB22_9_1_05136,PNB23_20_7_05100,PPP23_1_1_04770,PPP23_1_2_04295
group_11841,,hypothetical protein,44,44,1.0,2,16545,,,,747,747,747.0,DT02_01919,Fyc26_02812,GCF_000181535_01316,GCF_003726935_00168,GCF_013364395_01726,McD43_02371,McD53_02229,PNB22_2_1_02365,PNB22_3_3_01796,PNB22_6_1_02263,PNB22_7_2_02225,PNB22_9_1_02223,PNB23_20_7_02814,PPP23_1_1_02262,PPP23_1_2_02879
tyrP~~~tyrP_1~~~tyrP_2,tyrP;tyrP_1;tyrP_2,Tyrosine-specific transport protein,44,45,1.022727273,2,16542,,,,525,1242,1210.933333,DT02_04279,Fyc26_04026,GCF_000181535_01193,GCF_003726935_05047,GCF_013364395_04172,McD43_03917,McD53_03954,PNB22_2_1_01228,PNB22_3_3_02388,PNB22_6_1_01227,PNB22_7_2_01352,PNB22_9_1_01402,PNB23_20_7_01601,PPP23_1_1_03550,PPP23_1_2_03657
group_11839,,hypothetical protein,44,44,1.0,2,16541,,,,486,519,488.3863636,DT02_03664,Fyc26_00592,GCF_000181535_03852,GCF_003726935_03967,GCF_013364395_04925,McD43_01226,McD53_01194,PNB22_2_1_05163,PNB22_3_3_05183,PNB22_6_1_05203,PNB22_7_2_05009,PNB22_9_1_05138,PNB23_20_7_05098,PPP23_1_1_04772,PPP23_1_2_04293
group_11030,,hypothetical protein,43,43,1.0,2,15208,,,,483,1071,1048.883721,,Fyc26_00148,GCF_000181535_02580,GCF_003726935_02497,GCF_013364395_00575,McD43_00145,McD53_01881,PNB22_2_1_00392,PNB22_3_3_00180,PNB22_6_1_03807,PNB22_7_2_00148,PNB22_9_1_00503,PNB23_20_7_00727,PPP23_1_1_01147,PPP23_1_2_01667
group_9778,,hypothetical protein,43,43,1.0,2,13117,,,,609,741,737.8571429,DT02_02816,Fyc26_03374,,GCF_003726935_01082,GCF_013364395_02590,McD43_02261,McD53_00122,PNB22_2_1_00711,PNB22_3_3_00864,PNB22_6_1_00997,PNB22_7_2_01270,PNB22_9_1_01038,PNB23_20_7_01711,PPP23_1_1_03201,PPP23_1_2_00257
mdh~~~mdh_2,mdh;mdh_2,Malate dehydrogenase,43,43,1.0,2,11235,,,,723,936,931.0465116,DT02_00640,Fyc26_00305,,GCF_003726935_02344,GCF_013364395_00377,McD43_00298,McD53_02034,PNB22_2_1_00235,PNB22_3_3_00023,PNB22_6_1_00747,PNB22_7_2_00305,PNB22_9_1_00660,PNB23_20_7_00884,PPP23_1_1_00990,PPP23_1_2_01511
clpP_1~~~clpP~~~clpP_2,clpP_1;clpP;clpP_2,ATP-dependent Clp protease proteolytic subunit,43,44,1.023255814,2,9988,,,,225,624,605.7272727,DT02_01028,Fyc26_04411,,GCF_003726935_02733,GCF_013364395_00799,McD43_03460,McD53_03864,PNB22_2_1_03061,PNB22_3_3_02705,PNB22_6_1_04055,PNB22_7_2_02476,PNB22_9_1_02848,PNB23_20_7_03163,PPP23_1_1_01380,PPP23_1_2_01902
atzA~~~mtaD,atzA;mtaD,Atrazine chlorohydrolase;5-methylthioadenosine/S-adenosylhomocysteine deaminase,35,35,1.0,2,8321,,,,465,1401,1374.257143,DT02_03839,Fyc26_00431,GCF_000181535_05066,GCF_003726935_04590,GCF_013364395_03724,McD43_04457,McD53_02898,,,,,,,PPP23_1_1_04927,PPP23_1_2_04132
mngA_3,mngA_3,PTS system 2-O-alpha-mannosyl-D-glycerate-specific EIIABC component,35,35,1.0,2,419,,,,306,306,306.0,,,GCF_000181535_03664,GCF_003726935_04926,GCF_013364395_04058,McD43_02831,McD53_03084,PNB22_2_1_02963,PNB22_3_3_02628,PNB22_6_1_02736,PNB22_7_2_02574,PNB22_9_1_02635,PNB23_20_7_02968,,PPP23_1_2_03777
group_10751,,hypothetical protein,29,29,1.0,2,14756,,,,225,225,225.0,DT02_03289,Fyc26_04300,,,,,,PNB22_2_1_05120,PNB22_3_3_04799,PNB22_6_1_04770,PNB22_7_2_05111,PNB22_9_1_04724,PNB23_20_7_03206,PPP23_1_1_00203,PPP23_1_2_00750
group_8620,,hypothetical protein,28,28,1.0,2,11182,,,,786,828,826.5,DT02_04700,Fyc26_02244,,,,,,,,,,,,PPP23_1_1_03978,PPP23_1_2_05131
group_6218,,hypothetical protein,27,27,1.0,2,7563,,,,753,753,753.0,DT02_03916,Fyc26_03281,,,,,,PNB22_2_1_04267,PNB22_3_3_03999,PNB22_6_1_04030,PNB22_7_2_03644,PNB22_9_1_03899,PNB23_20_7_03988,PPP23_1_1_05000,PPP23_1_2_04058
aaeA_3~~~aaeA_2~~~aaeA_1,aaeA_3;aaeA_2;aaeA_1,p-hydroxybenzoic acid efflux pump subunit AaeA,24,25,1.041666667,2,9248,,,,357,849,808.68,,,,,,,,PNB22_2_1_02019,PNB22_3_3_03236,PNB22_6_1_02092,PNB22_7_2_01959,PNB22_9_1_01832,PNB23_20_7_03876,PPP23_1_1_04395,PPP23_1_2_04675
ycjY,;ycjY,hypothetical protein;putative protein YcjY,23,23,1.0,2,16590,,,,402,927,532.173913,,,GCF_000181535_03578,GCF_003726935_03299,GCF_013364395_01378,McD43_00944,McD53_00912,PNB22_2_1_04835,PNB22_3_3_04863,PNB22_6_1_05189,PNB22_7_2_04751,PNB22_9_1_04801,PNB23_20_7_04767,,
group_11868,,hypothetical protein,21,21,1.0,2,16579,,,,600,951,934.2857143,DT02_02674,,GCF_000181535_03579,,,,,PNB22_2_1_04834,PNB22_3_3_04864,PNB22_6_1_05190,PNB22_7_2_04752,PNB22_9_1_04802,PNB23_20_7_04766,,
group_8792,,hypothetical protein,21,21,1.0,2,11461,,,,111,321,121.0,,,GCF_000181535_00011,GCF_003726935_05151,GCF_013364395_04277,McD43_03812,McD53_04059,,,,,,,,
group_8567,rcsB,Transcriptional regulatory protein RcsB,21,21,1.0,2,11101,,,,624,624,624.0,DT02_04891,Fyc26_02070,GCF_000181535_03402,GCF_003726935_03777,GCF_013364395_04763,McD43_01409,McD53_01377,,,,,,,,PPP23_1_2_04944
group_8710,,hypothetical protein,20,20,1.0,2,11321,,,,303,303,303.0,,,GCF_000181535_04233,GCF_003726935_00914,18_refound_915,McD43_02093,McD53_00290,,,,,,,,
ompA_1~~~ompA_3~~~ompA_2,ompA_1;ompA_3;;ompA_2,Outer membrane protein A;hypothetical protein,19,20,1.052631579,2,12086,,,,213,579,546.6,,,,,,,,PNB22_2_1_01066,PNB22_3_3_01692,PNB22_6_1_01085,PNB22_7_2_01757,PNB22_9_1_01240,PNB23_20_7_01469,,
nosL,nosL;,Copper-binding lipoprotein NosL;hypothetical protein,18,19,1.055555556,2,10820,,,,189,486,463.4210526,,,,GCF_003726935_04935,,,,,,,,,,,PPP23_1_2_03768
group_8931,,hypothetical protein,17,17,1.0,2,11647,,,,174,174,174.0,DT02_04853,Fyc26_02108,,,,,,,,,,,,PPP23_1_1_04120,PPP23_1_2_04982
group_11615,,hypothetical protein,16,16,1.0,2,16190,,,,153,333,264.375,,,,,,,,PNB22_2_1_00972,PNB22_3_3_00407,PNB22_6_1_01613,PNB22_7_2_01556,PNB22_9_1_00130,PNB23_20_7_00140,,
group_10708,pglF,UDP-N-acetyl-alpha-D-glucosamine C6 dehydratase,16,16,1.0,2,14694,,,,1869,1884,1878.375,,,GCF_000181535_03130,GCF_003726935_01575,GCF_013364395_03031,McD43_04616,McD53_04474,,,,,,,,
gnu~~~gnu_1,gnu;gnu_1,N-acetyl-alpha-D-glucosaminyl-diphospho-ditransoctacis-undecaprenol 4-epimerase,16,16,1.0,2,13309,,,,942,960,945.75,,,GCF_000181535_03129,GCF_003726935_01574,GCF_013364395_03030,McD43_04615,McD53_04473,,,,,,,,
pglC~~~epsL_3,pglC;epsL_3,Undecaprenyl phosphate NN'-diacetylbacillosamine 1-phosphate transferase;putative sugar transferase EpsL,16,16,1.0,2,10431,,,,561,561,561.0,,,GCF_000181535_03128,GCF_003726935_01573,GCF_013364395_03029,McD43_04614,McD53_04472,,,,,,,,
group_7818,,hypothetical protein,16,16,1.0,2,9959,,,,534,534,534.0,,,,,,,,PNB22_2_1_01660,PNB22_3_3_01001,PNB22_6_1_01334,PNB22_7_2_01024,PNB22_9_1_00278,PNB23_20_7_00288,,
group_7577,,hypothetical protein,16,17,1.0625,2,9627,,,,279,567,533.8235294,,,,,,,,PNB22_2_1_01650,PNB22_3_3_01011,PNB22_6_1_01344,PNB22_7_2_01034,PNB22_9_1_00268,PNB23_20_7_00278,,
lpfC~~~yraJ_2~~~yraJ_1,;lpfC';yraJ_2;yraJ_1,hypothetical protein;putative outer membrane usher protein LpfC';Outer membrane usher protein YraJ,16,20,1.25,2,9623,,,,183,2355,1875.45,,,,,,,,PNB22_2_1_01651,PNB22_3_3_01010,PNB22_6_1_01343,PNB22_7_2_01033,PNB22_9_1_00269,PNB23_20_7_00279,,
group_7439,,hypothetical protein,16,17,1.0625,2,9386,,,,204,756,550.9411765,,,,,,,,PNB22_2_1_01654,PNB22_3_3_01007,PNB22_6_1_01340,PNB22_7_2_01030,PNB22_9_1_00272,PNB23_20_7_00282,,
faeE_1~~~faeE_2~~~faeE,faeE_1;faeE_2;faeE,Chaperone protein FaeE,16,17,1.0625,2,9385,,,,264,690,647.2941176,,,,,,,,PNB22_2_1_01652,PNB22_3_3_01009,PNB22_6_1_01342,PNB22_7_2_01032,PNB22_9_1_00270,PNB23_20_7_00280,,
group_7251,,hypothetical protein,16,17,1.0625,2,9078,,,,156,480,450.3529412,,,,,,,,PNB22_2_1_01658,PNB22_3_3_01003,PNB22_6_1_01336,PNB22_7_2_01026,PNB22_9_1_00276,PNB23_20_7_00286,,
group_7250,,hypothetical protein,16,16,1.0,2,9077,,,,195,687,656.25,,,,,,,,PNB22_2_1_01657,PNB22_3_3_01004,PNB22_6_1_01337,PNB22_7_2_01027,PNB22_9_1_00275,PNB23_20_7_00285,,
group_6754,,hypothetical protein,16,16,1.0,2,8334,,,,594,687,681.1875,,,,,,,,PNB22_2_1_01659,PNB22_3_3_01002,PNB22_6_1_01335,PNB22_7_2_01025,PNB22_9_1_00277,PNB23_20_7_00287,,
group_6640,,hypothetical protein,16,16,1.0,2,8172,,,,501,501,501.0,,,,,,,,PNB22_2_1_01653,PNB22_3_3_01008,PNB22_6_1_01341,PNB22_7_2_01031,PNB22_9_1_00271,PNB23_20_7_00281,,
group_11061,,hypothetical protein,15,15,1.0,2,15257,,,,357,357,357.0,,,,,,,,PNB22_2_1_03921,PNB22_3_3_03656,PNB22_6_1_03731,PNB22_7_2_03239,PNB22_9_1_03658,PNB23_20_7_03777,,
group_10625,,hypothetical protein,15,15,1.0,2,14542,,,,441,447,445.8,,,GCF_000181535_03069,GCF_003726935_02787,GCF_013364395_01091,McD43_03515,McD53_03809,,,,,,,,
group_9670,,hypothetical protein,15,15,1.0,2,12931,,,,252,300,286.0,,,GCF_000181535_03070,GCF_003726935_02786,GCF_013364395_01090,McD43_03514,McD53_03810,,,,,,,,
group_8663,,hypothetical protein,15,15,1.0,2,11252,,,,144,150,145.2857143,DT02_05041,Fyc26_00933,,,,,,,,,,,,PPP23_1_1_04284,PPP23_1_2_04785
group_8049,,hypothetical protein,14,14,1.0,2,10299,,,,1305,1305,1305.0,,,,,,,,PNB22_2_1_04892,PNB22_3_3_04940,PNB22_6_1_04915,PNB22_7_2_04813,PNB22_9_1_04881,PNB23_20_7_04841,,
group_2403,,hypothetical protein,14,14,1.0,2,2902,,,,192,192,192.0,,,8_refound_470,15_refound_769,18_refound_883,30_refound_1335,31_refound_1374,,,,,,,,
group_10782,mngA_1;;mngA_2,PTS system 2-O-alpha-mannosyl-D-glycerate-specific EIIABC component;hypothetical protein,13,15,1.153846154,2,14810,,,,387,1935,1674.4,,,GCF_000181535_05092,GCF_003726935_04564,GCF_013364395_03698,McD43_04487,McD53_02868,,,,,,,,
group_9752,,hypothetical protein,13,13,1.0,2,13078,,,,294,747,712.1538462,,,GCF_000181535_04645,GCF_003726935_03573,GCF_013364395_04548,McD43_01619,McD53_01587,,,,,,,,
mngR_1,mngR_1,Mannosyl-D-glycerate transport/metabolism system repressor MngR,13,13,1.0,2,7945,,,,714,714,714.0,,,GCF_000181535_05091,GCF_003726935_04565,GCF_013364395_03699,McD43_04486,McD53_02869,,,,,,,,
group_6144,,hypothetical protein,13,13,1.0,2,7452,,,,129,144,130.1538462,DT02_04076,Fyc26_01487,,,,,,,,,,,,PPP23_1_1_05169,PPP23_1_2_03874
mepA_5~~~mepA_2,;mepA_5;mepA_2,hypothetical protein;Multidrug export protein MepA,12,14,1.166666667,2,15736,,,,204,1398,979.9285714,,,GCF_000181535_04023,GCF_003726935_04371,GCF_013364395_03553,McD43_04236,McD53_02673,,,,,,,,
group_6514,,hypothetical protein,12,12,1.0,2,8004,,,,141,141,141.0,,,,,,,,PNB22_2_1_04899,PNB22_3_3_04947,PNB22_6_1_04908,PNB22_7_2_04820,PNB22_9_1_04874,PNB23_20_7_04834,,
group_8654,,hypothetical protein,10,10,1.0,2,11238,,,,201,207,205.8,,,,,,,,PNB22_2_1_04633,PNB22_3_3_04635,PNB22_6_1_05038,PNB22_7_2_04370,PNB22_9_1_05007,PNB23_20_7_04551,,
mshA_1~~~mshA_3,mshA_1;mshA_3,D-inositol-3-phosphate glycosyltransferase,8,8,1.0,2,11965,,,,1104,1110,1106.25,,,,GCF_003726935_01576,GCF_013364395_03032,McD43_04617,McD53_04475,,,,,,,,
group_9790,,hypothetical protein,7,7,1.0,2,13142,,,,1479,1482,1481.571429,DT02_05710,Fyc26_05233,,,,,,,,,,,,,
group_7287,,hypothetical protein,6,6,1.0,2,9125,,,,603,603,603.0,,,,,,,,PNB22_2_1_01732,PNB22_3_3_02454,PNB22_6_1_01896,PNB22_7_2_03774,PNB22_9_1_03160,PNB23_20_7_01993,,
group_972,,hypothetical protein,6,6,1.0,2,1201,,,,270,270,270.0,DT02_05763,Fyc26_05395,,,,,,,,,,,,,
group_135,,hypothetical protein,6,6,1.0,2,183,,,,318,318,318.0,,,,,,,,PNB22_2_1_04940,PNB22_3_3_04977,PNB22_6_1_04996,PNB22_7_2_04860,PNB22_9_1_04922,PNB23_20_7_04864,,
group_8389,,hypothetical protein,5,5,1.0,2,10810,,,,1245,1245,1245.0,,,GCF_000181535_03150,GCF_003726935_01601,,McD43_04642,McD53_04500,,,,,,,,
group_7998,,hypothetical protein,5,5,1.0,2,10223,,,,1491,1512,1503.6,,,,,,McD43_00674,McD53_00642,,,,,,,,
vspR~~~vspR_1,vspR;vspR_1,Transcriptional regulator VspR,4,4,1.0,2,14546,,,,567,567,567.0,DT02_01073,,,,GCF_013364395_00841,,,,,,,,,,PPP23_1_2_01958
dns_3~~~dns_1,dns_3;dns_1,Extracellular deoxyribonuclease,4,4,1.0,2,11788,,,,759,759,759.0,DT02_05684,Fyc26_05067,,,,,,,,,,,,,
group_8700,,hypothetical protein,4,4,1.0,2,11309,,,,474,474,474.0,,,,,,McD43_04918,McD53_04874,,,,,,,,
group_8490,,hypothetical protein,3,3,1.0,2,10969,,,,549,549,549.0,,,GCF_000181535_01836,GCF_003726935_01451,,,,,,,,,,,
group_15700,,hypothetical protein,2,2,1.0,1128,4,,,,345,345,345.0,,,,,,,,PNB22_2_1_05213,,PNB22_6_1_05235,,,,,
group_9944,,hypothetical protein,2,2,1.0,2,13406,,,,384,384,384.0,,,GCF_000181535_00704,,,,,,,,,,,PPP23_1_1_00069,
group_5539,,hypothetical protein,2,2,1.0,2,6731,,,,822,822,822.0,,,,,,McD43_04826,McD53_05246,,,,,,,,
group_4464,,hypothetical protein,2,2,1.0,2,5341,,,,996,996,996.0,,,,,,McD43_04873,McD53_05147,,,,,,,,
